token,lemma
aacher,aacher
abbatissarum,abbatissa
abbatum,abbas
abbildung,abbildung
abdruck,abdruck
abhandlung,abhandlung
abhandlunge,abhandlung
abkürzunge,abkurzung
abrege,abregen
abschied,abschied
abschiede,abschied
abschieds,abschied
abschiedspuncte,abschiedspuncte
abschiedt,abschied
absolutissmus,absolutus
abtrückung,Abdruck
abusu,abusus
academiarum,academicus
academicae,academicus
academicarum,academicus
academiis,academia
accesserunt,accedo
accurata,accuratus
accuratißime,accuratus
accursius,accursius
acht,acht
acq,acq
acquirenda,acquierer
acta,actum
actis,actum
actorum,actum
adagiorum,adagium
adcesserunt,accedo
additiones,additio
adhuc,adhuc
adolfi,adolfus
adr,adr
aduent,advenire
aduersus,aduersus
aegyptiorum,aegyptus
aemter,amt
aethiopicam,aethiopicus
aethiopico,aethiopicus
affectionum,affectio
afferentes,afferre
agonistico,agonista
ahnfang,anfang
alamannicarum,Alemanni
alamannicarum,Alemanni
alberti,alberti
albertus,albertus
alciati,alciati
alcmariana,Alkmaar
alcor,Alcoran
alcorans,Alcoran
alcoranus,Alcoran
alexandrini,alexandria
alle,alle
allegationes,allegatio
allerhand,allerhand
aloisia,aloisia
alphabeti,alphabetus
alrabia,alrabia
alsatiae,Alsatia
alsatiae,Alsatia
alsaticarum,Alsatia
alte,alt
aluari,aluarus
americanorum,Americanus
amharicae,amharicae
amharico,amharicae
amorfortiarum,amorfortiarum
amos,Amos
ampliss,amplissimus
amstelodamensium,Amsterdam
amtman,amt mann
amtman,amtman
amts,amt
anagnosi,anagnosus
ananymi,ananymi
ananymi,anonymus
anatome,anatomia
anatome,anatomia
anatomia,anatomia
anatomie,anatomia
andreae,andrea
anecdota,anecdota
anecdotorum,anecdota
angefange,anfangen
anglica,Anglicanus
anglicanae,Anglicanus
anglicarum,Anglicanus
anhaltinorum,Anhalt
anima,anima
animaduersiones,animaduertere
animaduertendis,animaduertere
anleitung,anleitung
anmerckunge,anmerkung
anmone,anmone
anmuthige,anmutig
annexa,annexa
annis,annus
anno,annus
anno,annum
annotatio,annotatio
annotationes,annotatio
annotatis,annotatio
ansoehnung,ansoehnung
ant,ant
antecessoris,antecessoris
antheils,anteil
anthropologicum,anthropologicus
antichristi,antichristus
antichristus,antichristus
antiquorum,antiquus
antonio,antonio
antonium,antonium
antonium,antonius
antworte,Antwort
anweisung,anweisung
aot,aot
apendiceo,appendicum
apologeticus,apologeticus
apologie,apologia
apostillis,apostolicus
apostolicam,apostolicus
apostolici,apostolicus
apostolische,apostolicus
apostolorum,apostolicus
apres,apres
arabice,arabice
arabismus,arabismus
aramaeae,aramaeae
arbeit,arbeit
archeio,archeio
archetypi,archetypi
archeueques,archeueques
archiantistitum,archiantistes
archidiaconatur,archidiaconatur
archidiaconi,archidiaconus
archiepiscopalis,archiepiscopalis
archiepiscopatus,archiepiscopalis
archiu,archiv
archius,archius
aretini,aretini
argentoratenses,Argentoratus
argume,argument
ariminensis,ariminensis
aristotelis,aristoteles
arnaud,arnaud
arnobium,arnobium
arnolds,arnold
arnono,arnono
arnotts,arnotts
arrestis,arrestis
art,art
arthritide,arthritide
artikel,artikel
astronomiae,astronomia
atlantica,atlanticus
atqe,atqe
attentatis,attentare
auctore,auctor
auctores,auctor
auctorum,auctor
aud,aud
audomari,audomari
audomari_rebuffo,audomari_rebuffo
auenio,auenius
auff,auf
auffgericht,aufgericht
auffs,auf
aufgehobene,aufheben
aug,aug
augiae,augiae
augirte,augirt
augsburg,augsburg
augspurg,augsburg
augustanae,augustanus
augustini,augustinus
auliae,aulia
aurea,aureus
aureae,aureus
aurelia,aurelia
aureum,aureus
auriaco,auriaco
auschreibe,ausschreiben
ausfuehrliche,ausführlich
ausführliche,ausführlich
ausführung,ausführung
ausgefertiget,ausgefertiget
auslegung,auslegung
ausschreib,ausschreiben
ausschreibe,ausschreiben
ausserlesener,auserlesen
austregis,austregis
auswaertiges,auswärtig
auswärtiger,auswärtig
auszuge,auszug
authent,authenticus
author,author
authoritate,authoritas
autoris,author
autres,autres
aux,aux
auß,aus
babel,babel
bambergische,bamberg
ban,bann
bannforste,bann forst
bannito,bann
banns,bann
bapstumb,Papstum
baroni,baro
baronii,baro
barrum,barrum
bartolomaeo,bartolomaeus
batauae,batauia
bayer,bayern
bedencke,bedenken
begnadigunge,begnadigung
begreifft,begriffen
begriff,begriff
behauptete,behaupten
beht,beten
beklagte,beklagt
belangendt,belangend
belehrung,belehrung
belgico,belgicus
belustigung,belustigung
benachbarte,benachbart
bendorpii,bendorpii
bened,bened
bened,benedictinus
benedictinae,benedictinus
benedictiner,benedictinus
benno,benno
bergensi,bergensi
bericht,bericht
bernardi,bernardus
bernhardi,bernhardus
beschaydt,bescheid
bescheide,bescheid
beschlus,beschluss
beschreibung,beschreibung
besonder,besonder
betreffend,betreffend
bey,bei
beygefügte,beigefugt
beytra¨ge,beitrage
beyträge,beitrage
bibel,biblia
bibel,biblia
bible,biblia
biblia,biblia
biblia,biblia
biblicae,biblia
biblicarum,biblia
biblicos,biblia
biblicum,biblia
biblicus,biblia
bibliophilia,bibliophilia
bibliotha,bibliotheca
bibliotheca,bibliotheca
bifrons,bifrons
biß,biß
blanco,blancus
bodleianae,bodleiana
boerii,boerii
bohemiae,bohemia
bohemicarum,bohemia
bolognini,bolognini
bonifacii,bonifacii
bonifacii_de_uitalinis,bonifacii_de_uitalinis
bonifacio,bonifacius
bononiensis,bononiensis
brauchbare,brauchbar
braunschweig,braunschweig
britanniae,britannia
britannicae,britannia
britannicarum,britannia
brixiense,brixiensis
brocke,brocke
brun,brun
brunsuicensi,braunschweig
buch,buch
buchdruckerkun,buchdruckerkun
buchonia,buchonia
budaei,budaeus
buergerliches,bürgerlich
bull,bull
bulle,bull
bunds,bund
bundsoberste,bund oberst
burdegalenses,burdegalenses
burgerschaft,burgerschaft
buss,büssen
buß,büssen
bußposau,bußposau
bücher,buch
büchernachdruck,buchernachdruck
büchlei,büchlein
bürgerische,bürgerisch
bürgersch,burgersch
cabinets,cabinet
cabinetsthaler,cabinetsthaler
caceserani,caceserani
caepolla,caepolla
caesarea,caesar
caesarei,caesar
caesarem,caesar
caesareo,caesar
caesareus,caesar
caesaribus,caesar
caesarum,caesar
caii,Gaius
caius,Gaius
caluinisme,caluinisme
cambialis,cambialis
cambiis,cambium
camera,cammer
camerae,cammer
camerale,cammer
camerale,cameralis
cameralem,cameralis
cameralem,cammer
camerales,cammer
camerales,cameralis
cameralibus,cammer
cameralibus,cameralis
cameralis,cameralis
cameralis,cammer
cameralium,cammer
cameralium,cameralis
cameræ,camera
cameræ,cammer
cammer,cammer
cammer,cammer
cammeral,cammer
cammeralsache,cammeralsache
cammergericht,cammer gericht
cammergerichts,cammer gericht
cammergerichtsordnung,cammer gericht ordnung
campania,campanus
campano,campanus
canones,canon
canonici,canonicus
canonico,canonicus
cantzeley,Kanzlei
capelle,capelle
capitulatio,capitulatio
capucium,capucium
capycio,capycio
cardinali,cardinalis
cardinalis,cardinalis
carl,Carolus
carls,Carolus
carmelitas,carmelitas
caroli,Carolus
carolini,Carolus
carolo,Carolus
carols,Carolus
carpzouiana,Carpzov
carpzouii,Carpzov
cartesii,cartesii
casaubono,casaubono
casselische,cassel
casus,casus1
casuum,casus1
catechismus,catechismus
cathalonia,cathalonia
catholi,catholicus
catholiques,catholiques
catholische,catholische
catilinischer,catilinischer
catzenelnbogische,catzenelnbogen
cau,causa
causae,causa
cautelarum,cautelis
cautelis,cautelis
caßliche,caßliche
ccclxxii,ccclxxii
centuria,centuria
centuria,centurio1
centuries,centuria
centuries,centuries
ceremoniale,ceremonial
ceremonie,ceremonium
chaeronensis,chaeronensis
changement,changement
chanoines,chanoines
charitate,charitas
charlemagne,charlemagne
chartarii,chartarius
chemnitio,chemnitio
chemnitiolyserianae,chemnitiolyserianae
china,china
chirothecarum,chirotheca
chirurgica,chirurgica
chretiennes,chretiennes
chri,christus
christe,christus
christenthumb,christenthumb
christi,christus
christianarum,christianus
christiani,christianus
christianis,christianus
christianorum,christianus
christinae,christina
christliche,christlich
christlicher,christlich
christo,christus
chronica,chronicon
chronick,chronicon
chronick,chronick
chronicon,chronicon
chronographica,chronographica
chronologia,chronologia
chronologica,chronologia
chronologico,chronologia
chronologicum,chronologia
chrysostomus,chrysostomus
chuchalo,chuchalo
chur,chur
churfuerstlich,kurfürstlich
churfürstliche,kurfürstlich
churfürstliche,kurfürstlich
churfürstliche,kurfürstlich
churfürstlicher,kurfürstlich
chwalkouii,chwalkouii
ciceronis,cicero
circa,circa
ciuil,civilis1
ciuil,civilis1
ciuile,civilis1
ciuili,civilis1
ciuilib,civilis1
ciuilis,civilis1
claudii,claudius
clauis,clauis
clauium,clauis
clecher,clecher
clementinarum,clementina
clerge,clerge
clerico,clericus
clinica,clinicus
cod,codex
codex,codex
codice,codex
codicem,codex
codicis,codex
codicum,codex
codicûm,codex
coelum,coelum
coenobio,coenobium
collecta,collectus
collectae,collectus
collecti,collectus
collectis,collectus
collectoribus,collector
collectus,collectus
comitialia,comitialia
comitis,comitus
commentara,commentarius
commentara,commentaria
commentaria,commentarius
commentariolus,commentariolus
commentariolus,commentarius
commercie,commercien
commerciensache,commercien sache
commissaires,commissaires
commissariis,commissarus
communibus,communis
communis,communis
complectentibus,complectere
concept,concept
concernentia,concernentia
conciliationes,conciliatio
concionum,concio
conclusionum,conclusio
concordatorum,concordatum
concordiae,concordia1
concordibus,concordia1
confess,confess
confutationes,confutatio
coniecturarum,coniectura
connoissance,connoissance
connubiorum,connubium
connubiorum,conubium
consarcinate,consarcinare
consil,consilium
consilia,consilium
consilia,consilium
consilio,consilium
consilium,consilium
consistoralis,consistoralis
consistorialis,consistorial
constantiensis,constantiensis
continuationibus,continuatio
continuirte,continuirt
contracte,contracte
contractibus,contractus2
contractus,contractus2
contrahenda,contractus2
contre,contre
controuersarum,controversia
controuersarum,controuersa
controuerse,controuerse
contumacialis,contumacialis
conuentionali,conuentionalis
conuiuales,convivalis
copeylicher,copeylicher
cornel,cornelius
cornelii,cornelius
co¨l,coeln
creys,kreis
creysuerfassung,kreis verfassung
crimilaium,criminalis
criminal,criminalis
criminale,criminalis
criminalem,criminalis
criminales,criminalis
criminalia,criminalis
criminalis,criminalis
criminalium,criminalis
criti,criticus
criticae,criticus
criticorum,criticus
croisades,croisades
crow,crow
curwürde,kurwürde
dallegmagne,allegmagne
daniae,danius
dans,dans
darmstadt,darmstadt
dasselische,casselisch
dauidis,dauidis
dccclxxxi,dccclxxxi
dccxliu,dccxliu
debitorum,debitus
decade,decas
decadem,decas
decadence,decadence
decades,decas
decinum,decinum
decisionum,decisio
decret,decretum
decreta,decretum
decretales,decretales
decretales,decretales
decretalium,decretales
decreti,decretum
decretis,decretum
decretorum,decretum
decretum,decretum
defense,defense
delatis,delatus
delineatio,delineatio
deliurance,deliurance
delphinatus,delphinatus
denckwürdige,denkwürdig
denckwürdige,denkwurdig
dendrologia,dendrologia
dendrologiae,dendrologia
depictae,depictus
determinantur,determinare
deuchariste,euchariste
deudoxe,eudoxe
deutsch,deutsch
deutsche,deutsch
deutschland,deutschland
deutschmanns,deutschmanns
deux,deux
deß,dess
diabete,diabete
diarii,diarius
diatetico,diateticus
diatribe,diatriba
dictionnaire,dictionnaire
didactica,didacticus
didacticus,didacticus
dieselbige,diesselbige
diexodo,diexodo
diffamari,diffamare
differents,differents
diffinitiones,diffinitiones
dig,digestum
dig,digestum
digesti,digestum
digestorum,digestum
digestum,digestum
digestum,digestum
diligentiis,diligentiis
diocesis,diocesis
dioecesis,diocesis
diplomatica,diplomaticus
diplomaticus,diplomaticus
diplomatik,diplomatik
diplomatum,diplomaticus
discours,discours
discursus,discursus2
discussa,discussio
discussio,discussio
discussiones,discussio
disquisitionum,disquisitio
diss,dissertatio
diuersarum,diuersus
diuersorum,diuersus
diuina,divinus
diuino,divinus
doccident,occident
doct,doctor
doctorum,doctor
doctrine,doctrine
domains,domains
dominicalia,dominicalia
dont,dont
door,door
dosnabrug,dosnabrug
dr,dr
dreissig,dreissig
drey,drei
dreyeich,dreyeich
durchleuchtige,durchleuchtig
détails,details
ecclesiastes,ecclesiastes
ecclesiastes,ecclesiastes
ecclesiastica,ecclesiastes
ecclesiasticae,ecclesiastes
ecclesiasticarum,ecclesiastes
ecclesiastici,ecclesiastes
ecclesiasticis,ecclesiastes
ecclesiasticis,ecclesiastes
ecclesiasticis,ecclesiastes
ecclesiasticorum,ecclesiastes
ecclesiasticum,ecclesiastes
ecclesiasticum,ecclesiastes
ecclesiæ,ecclesiastia
edbenintendi,edbenintendi
edit,edit
edit,editus
edita,edit
edita,editus
editas,editus
editio,editio
editione,editio
editis,editus
editorum,editus
editum,editus
egidio,egidio
egmundanum,egmundanum
ehe,ehe
ehegerichts,ehe gericht
ehemalige,ehemalig
eherstl,eherstl
ehrsame,ehrsam
eich,eich
eigentlicher,eigentlicher
einbeckische,einbeckisch
eingeführte,einführen
einkünfte,einkünft
einleitung,einleitung
elbert,elbert
electoralia,elector
electoralib,elector
electoris,elector
element,element
elemente,element
elsassisch,elsassisch
emendatae,emendatus
emendationibus,emendatio
emendatum,emendatus
emphyteutici,emphyteuticus
emphyteutico,emphyteuticus
enantiophano,enantiophano
enarrationes,enarratio
enchiridio,enchiridion
encomium,encomium
end,end
englebermaei,englebermaei
enthaelt,enthalten
enthaltend,enthalten
entretiens,entretiens
entscheidunge,entscheidung
enucleatissimæ,enucleare
ephemerides,ephemeris
ephemeridum,ephemeris
ephemeridum,ephemeris
epidictica,epidictica
epimenides,epimenides
epinikio,epinikion
episopatu,episcopatus
epistel,epistula
epistolae,epistula
epistolam,epistula
epistolarum,epistula
epistole,epistula
epistolica,epistolicus
epistolicum,epistolicus
epistolicum,epistolicus
epitomes,epitome
erachtete,erachtet
erb,erb
erbhofaemter,erb hof amt
erbor,erbor
erdbeschreibung,erdbeschreibung
erde,erde
erfindung,erfindung
ergangene,ergehen
erkantnuß,erkenntnis
erklaerung,erklaerung
erkwick,erquicken
erkwickstunde,erkwickstunde
erläuterung,erlaeuterung
erneuerte,erneuert
erneuerter,erneuert
erneuertes,erneuert
erneuwerte,erneuert
ernewerte,erneuert
ernsthaffter,ernsthaffter
erotemata,erotemata
erse,erse
ertzbischoue,erzbischof
eryth,Eryth
erzehlunge,erzähhlung
esaiam,Esaia
ethnicorum,ethnicus
etliche,etliche
euangelia,euangelium
euangelica,euangelistus
euangelicae,euangelistus
euangelicum,euangelistus
euangeliorum,euangelium
euangelische,euangelisch
euangelisches,euangelisch
euangelistarum,euangelistus
euangelistas,euangelistus
euangelium,euangelium
euangl,euangelistus
eucharistica,eucharistica
eueques,eueques
europ,europa
europa,europa
europae,europa
europaearum,europa
europaei,europa
europaeische,europa
europaeum,europa
europa¨ische,europa
europäische,europa
europäischer,europa
euxi,Euxinus
exacte,exact
exame,exame
excommunicationis,excommunicationis
executione,executio
executionis,executio
executions,executio
executiui,executiv
exegeseos,exegeseos
exegetica,exegetica
exemplarium,exemplar
exodum,exodus
exodus,exodus
exoticorum,exoticus
expurgandorum,expurgare
extant,existere
extraiudicialis,extraiudicialis
extraordinaire,extraordinaire
ezechielem,ezechiel
faculta¨te,facultas
faite,faite
familie,familie
familienstaatsrecht,familie staatsrecht
fancicum,fancicum
felericis,felericis
fenins,fenins
ferdinand,ferdinand
ferrariensis,ferrariensis
ferratio,ferratio
ferrendar,ferrendar
feudales,feudal*
feudales,feudal*
feudalia,feudal*
feudalia,feudal*
feudalibus,feudal*
feudalis,feudal*
feudalis,feudal*
feudalium,feudal*
feudalium,feudal*
feudi,feudal*
feudis,feudal*
feudorum,feudal*
feuerwerck,feuerwerk
fewerzeugk,feuerzeug
ff,ff
fichardi,fichard
fichardo,fichard
fide,fides1
fidem,fides1
fides,fides1
figures,figures
fixarum,fixus
flandriae,flandriae
florentinae,florentinus
florentinus,florentinus
florilegium,florilegium
flsassische,elsassisch
fonctions,fonctions
for,forum
forestalis,forestalis
fori,forum
formular,formular
formularbuch,formular buch
formulæ,formular
foro,forum
forste,forst
forstlicher,forst
foy,foy
frage,frage
fragische,fragisch
franc,franc
france,france
france,france
france,france
france,france
francicae,franc
francicae,franc
francisco,francisco
francke,franc
franckfurt,Frankfurt
franckfurtische,Frankfurt
francofortense,Frankfurt
francofurdiense,Frankfurt
francofurtensis,Frankfurt
francorum,franc
francos,franc
franke,franc
frankfurt,Frankfurt
frankfurtisches,Frankfurt
frankreich,frankreich
französische,französisch
französische,franzoesisch
freclebe,freclebe
freiburg,freiburg
frey,frei
freyburg,freiburg
freye,frei
freyheite,freiheit
freyheite,frei
fridens,frieden
fridenszeite,fridenszeite
fridere,fridere
friderici,fridericus
fridericiana,fridericus
fridericiano,fridericus
friedberg,friedberg
friedens,frieden
friedensexecutionshandlunge,frieden execution handlung
friedenshandlunge,frieden handlung
frirdres,frirdres
frontini,frontinus
fuerstenthumb,fürstentum
fuerstlich,fürst
fugiendarum,fugere
fuldensem,fuldensis
fuldenses,fuldenses
fuldensis,fuldensis
fuldensium,fuldensis
fuldischer,fuldensis
fundationis,fundationis
furstenbergiana,furstenberg
fünffte,fünffte
fürste,fürst
fürstlich,fürstlich
fürstliche,fürstlich
fürstliche,fürstlich
fürtreffliche,fürtrefflich
galeni,galeni
gallia,gallia
galliarum,gallia
gallier,gallier
gambilionibus,gambilio
gandino,gandino
gantz,ganz
gantze,ganz
gebiete,gebiete
gebrueder,gebrüder
geburt,geburt
gebürg,gebürg
geendert,geändert
geendert,geaendert
gefaehrlicher,gefährlich
gefaehrlicher,gefaehrlich
gegenbericht,gegenbericht
gegentheil,gegenteil
gegruendete,gegründet
gehaltene,gehalten
gehaltener,gehalten
gehandelt,gehandelt
geheim,geheim
geistliche,geistlich
geistlicher,geistlich
gelege,gelegen
gelegene,gelegen
gemeine,gemein
gemeiner,gemein
genannte,genannt
genealogica,genealogicus
genealogicae,genealogicus
genealogicarum,genealogicus
genealogico,genealogicus
genealogicohistorica,genealogicus historicus
genereuses,genereuses
genomme,genommen
gentilshommes,gentilshommes
genuensis,genuensis
geographiae,geographia
geographica,geographia
geographica,geographia
geographica,geographia
geographicam,geographia
geographicum,geographia
geopent,geopent
georg,georg
georgii,georg
gerechtigkeit,gerechtigkeit
gerechtigkeite,gerechtigkeit
gerechtsame,gerechtsam
gericht,gericht
gerichtliche,gericht
gerichtliche,gerichtlich
gerichtlicher,gerichtlich
gerichtlicher,gericht
gerichts,gericht
gerichtsbarkeit,gerichtsbarkeit
gerichtsordnung,gericht ordnung
germa,german*
germani,german*
germania,german*
germania,german*
germaniae,german*
germaniae,german*
germaniam,german*
germanica,german*
germanicae,german*
germanicarum,german*
germanici,german*
germanici,german*
germanico,german*
germanicorum,german*
germanicum,german*
germanicus,german*
germanorum,german*
gesammlete,gesammelt
geschicht,geschichte
geschichtbuch,geschichte buch
geschichte,geschichte
geschichts,geschichte
geschichtserzehlunge,geschichtserzaehlung
geschichtsregister,geschichtsregister
geschlechts,geschlecht
geschlechtsregister,geschlecht register
geschäffte,geschäft
geschütz,geschütz
geschützfeuerwerck,geschütz feuerwerck
gesetzbuch,gesetz buch
gesetze,gesetz
gespräche,gespräch
gesta,gestum
gestas,gestum
gestellt,gestellt
gestis,gestum
getreffe,getreffe
gewohnheite,gewohnheit
gistman,gistman
glieder,glied
glokke,glocke
glossa,glossa
glossarium,glossa
glossarium,glossa
glossatoris,glossator
glossatum,glossa
glossis,glossa
glossis,glossa
glossopetris,glossopetris
gnade,gnade
gnadensache,gnade sache
gnadenschatz,gnade schatz
golde,golden
goldes,gold
gothana,gothana
gothici,gothicus
gothicus,gothicus
gothofredi,gothofredus
gottfried,gottfried
gottlieb,gottlieb
graeca,graecus
graecae,graecus
graecae,graecus
graecae,graecus
graecae,graecus
graecae,graecus
graecarum,graecus
graece,graecus
graeci,graecus
graeci,graecus
graeciae,graecus
graeciae,graecus
graecis,graecus
graecorum,graecus
grafe,graf
grafschafte,graf
gram,gram
grand,grand
gratiani,gratianus
grauamina,grauamina
grecs,grecs
greek,greek
greg,greg
gregoire,gregoire
greste,greste
grille,grille
grossherzogl,grossherzoglich
grund,grund
grundfeste,grundfeste
grundgesetze,grundgesetze
grundsätze,grundsatz
grundtliche,gründlich
gräfflich,gräfflich
gründliche,gründlich
gründlicher,gründlich
gründtlicher,gründlich
gualtense,gualtensis
gudii,gudii
guelde,guelde
guerres,guerres
gueter,gut
guillielmi,guillielmi
guldene,gulden
gunthero,guntherus
gus,gus
gutachte,gutachte
göttliche,göttlich
gülde,golden
güter,gut
habits,habits
habsburgicae,Habsburg
haeresibus,haeresis
halberstadt,halberstadt
hals,hals
halßgerichtßordnung,halßgerichtßordnung
hamisah,hamisah
hanau,hanau
hanauische,hanau
handbuch,handbuch
handels,handel
handelsstadt,handelsstadt
handlunge,handlung
hanouerische,hanoverisch
hanouiensium,hanau
hanseaticis,hanseaticis
haupt,haupt
hauptarticul,hauptarticul
hauptarticul,haupt articul
hauptregister,haupt register
hausbuch,haus buch
hausbuch,hausbuch
hebraea,hebraeus
hebraeae,hebraeus
hebraeo,hebraeus
hebraeo,hebraeus
hebraeorum,hebraeus
hebraeos,hebraeus
hebraica,hebraeus
hebraico,hebraeus
heidelberg,heidelberg
heil,heilig
heilige,heilig
hellenistica,hellenistica
heluetia,heluetia
hennebergische,hennebergisch
henrici,henricus
henricum,henricus
henricus,henricus
heraldici,heraldicus
herculis,herculis
hered,hereditas
hern,herr
herodoti,herodotus
heroicarum,heroicus
herr,herr
herre,herr
herrschaft,herrschaft
herzog,herzog
hess,hesse
hesse,hesse
hessencasselische,Hesse-Cassel
hessendarmstadt,Hesse-Darmstadt
hessische,hesse
hessisches,hesse
heyl,heilig
heylige,heilig
heyls,heilig
hierarchia,hierarchia
hierarchicae,hierarchia
hiermische,hiermische
hieroglyphica,hieroglyphica
hieronymi,hieronymus
hildensheim,hildesheim
hildensheim,hildensheim
hildesheim,hildesheim
hirsaugiensis,hirsaugiensis
hispania,hispania
hispanicus,hispanicus
histoire,histoire
historae,historia
histori,historia
historicae,historia
historie,historia
historisch,historia
historische,historia
historischer,historia
hochgeborne,hochgeborn
hochlöbliche,hochloblich
hochzeitsglückwunsch,hochzeitsglückwunsch
hodegeta,hodegeta
hodegeticum,hodegeta
hoechste,höchst
hof,hof
hoff,hof
hoffgerichts,hof gericht
hofgerichts,hof gericht
hoh,hoh
holzhusiorum,holzhausen
homagio,homagium
homiliae,homiliae
horticultura,horticultura
huis,huis
humse,humse
hundert,hundert
hundsbisse,hundsbisse
hungaria,hungaria
hungaricae,hungaria
hungaricarum,hungaria
hungaricarum,hungaria
hungaricis,Hungaria
hypnologia,hypnologia
hypochondriacae,hypochondriacae
hystericae,hystericae
ia,ia
iacob,iacob
iacobs,iacob
iacobsschatz,iacobs schatz
iahr,jahr
ibid,ibid
ic,ic
ichoribus,ichoribus
iconoclastes,iconoclastes
ictorum,ictorum
ideam,ideam
iephtae,iephtae
ieremiam,ieremiam
ierusalem,ierusalem
iesu,iesus
iesus,iesus
iesus,iesus
iesuschri,iesus
iii,iii
illustrantia,illustratio
illustrata,illustratio
illustratae,illustratio
illustrationes,illustratio
illustratum,illustratio
illustriarum,illustrius
illustriarum,illustris
illustrissimorum,illustrius
illustrissimorum,illustris
imgleiche,imgleich
immunitete,immunitas
immunitete,immunitete
imp,imperium
imperalis,imperium
imperalis,imperalis
imperatorum,imperator
imperialem,imperium
imperiali,imperium
imperialia,imperium
imperialis,imperium
imperialium,imperium
impltrandis,impetrandis
impressorum,impressorum
incarnatio,incarnatio
index,index
indice,index
indices,index
indiciis,index
ineditis,ineditus
ineditorum,ineditus
ineditum,ineditus
infimæ,infimæ
informatorium,informatorium
infortiat,infortiatum
infortiati,infortiatum
inge,inge
inne,inne
innouatis,innouatus
insbesondere,insbesondere
instituta,institutio
insubricae,insubricae
insup,insuper
intitulez,intitulez
ioa,iohannis
ioanne,iohannis
ioannis,iohannis
iobum,Job
ioh,iohannis
ioha,iohannis
iohan,iohannis
iohannem,iohannis
iohannis,iohannis
ionstoni,ionstoni
iournal,journal
ir,ir
isaaco,isaacus
italia,italia
italiae,italia
italici,italia
itinerarii,itinerarius
iu,IV
iuculentus,iuculentus
iudaeos,iudaeus
iudaica,iudaeus
iudaica,iudaeus
iudaicae,iudaeus
iude,iudaeus
iudenpredigte,iudenpredigte
iudicatarum,judico
iudiciaram,iudaeus
iudiciarius,iudiciarius
iugurtischem,iugurtisch
iulii,iulius
iureconsi,iurisconsultus
iurid,iuridicus
iuridia,iuridicus
iuridica,iuridicus
iuridicae,iuridicus
iuridicorum,iuridicus
iuriscons,iurisconsultus
iurisconsi,iurisconsultus
iurisprudentia,iurisprudentia
iurisprudentiae,iurisprudentia
iuriste,iurist
ius,jus
iustifiee,iustifiee
iustiniana,justinianus
iustinianeas,justinianus
iustinianei,justinianus
iustinianeum,justinianus
iustiniani,justinianus
iustinianus,justinianus
iustiz,iustiz
iustizsache,iustiz sache
iustizuerfassung,iustiz uerfassung
iüdisch,iüdisch
iüdischteutsche,iüdisch teutsch
kaiser,kaiser
kaiserliche,kaiser
kanzlei,kanzlei
kay,kay
kay,kaiser
kays,kaiser
kayser,kaiser
kayserl,kaiser
kayserlich,kaiser
kayserliche,kaiser
kaysers,kaiser
kedd,kedd
keddische,keddische
kenntnis,kenntnis
kenntniss,kenntnis
ker,kern
kett,kett
ketzer,ketzer
ketzerhistorie,ketzer historia
keyser,kaiser
keyserliche,kaiser
kiiouienses,kiiouienses
kirche,kirche
kirchenordnung,kirche ordnung
kirchenordnung,kirchenordnung
kirchenpostill,kirchenpostill
kirchenrecht,kirchenrecht
kirchenrecht,kirche recht
kirchenstats,kirchenstats
kirchenstats,kirche staat
kircherianum,kircherianum
kirchke,kirche
kla¨ger,klaeger
kloester,Kloster
klöster,Kloster
koenig,könig
koheleth,koheleth
ko¨nigliche,könig
kraft,kraft
kraftker,kraftker
kreutterbuch,kreutterbuch
krieg,krieg
kriegs,Krieg
kriegsarbeit,kriegsarbeit
kriegshändel,kriegshändel
kriegskun,kriegskun
kuerfuerste,kurfürst
kuerzer,kurz
kun,kun
kurfürste,kurfürst
kurtz,kurz
kurtz,kurtz
kurtze,kurz
käiser,kaiser
könig,könig
königl,könig
königliche,könig
könne,könne
lambassadeur,ambassadeur
land,land
landbescriebung,land beschreibung
lande,land
lander,land
landes,land
landesbeschreibung,land beschreibung
landesherrliche,land herr
landeshoheit,land hoheit
landfriede,land fried
landgraf,land graf
landgrafe,land graf
landgraffe,land graf
landgraffschaft,land graf
landgraft,land graf
landgrau,land graf
landordnung,land ordnung
landrecht,land recht
landrecht,land recht
landsaessige,land saessig
landsiedel,land siedel
landstaende,land stand
landstaende,land stand
landtgraffe,land graf
landtgraffe,land graf
landts,land
lanne,anne
larianisme,arianisme
lassemblee,assemblee
lateinischer,latein
lateranensi,lateranensi
latin,latinus
latina,latinus
latine,latinus
latini,latinus
latinis,latinus
latino,latinus
latinum,latinus
lebe,lebe
lege,lex
legend,legend
leges,lex
legis,lex
leglise,eglise
leh,lehen
lehens,lehen
lehensuerfassung,lehen uerfassung
lehnhof,lehn hof
lehnrecht,lehn recht
lehre,lehre
lehrgebäude,lehrgebäude
leichpredigt,leichpredigt
leichpredigte,leichpredigt
leichpredigte,leichpredigt
leichteste,leichteste
lempire,empire
leonini,leonini
les,les
lesprit,esprit
letablissement,etablissement
lethalium,lethalium
lettere,lettere
lettre,lettre
leuaminum,leuaminum
leucharistie,eucharistie
leuckfeldi,leuckfeldi
leuiticum,Leviticus
leuiticus,Leviticus
lexici,lexicon
lexico,lexicon
leyhe,leihe
lheresie,heresie
lhistoire,histoire
lib,liber4
liber,liber4
libr,liber4
libri,liber4
libris,liber4
librorum,liber4
libros,liber4
librum,liber4
liebe,liebe
lig,lig
lindau,lindau
lipsicus,lipsicus
literaria,littera
literariis,littera
literario,littera
literas,littera
literis,littera
litterales,littera
liure,liure
lobliche,löblich
locupletissimis,locuples
locupletissimo,locuples
locupletissimus,locuples
lomeilles,lomeilles
louis,louis
louuerture,ouuerture
lubecense,lubeck
lucam,luca
ludouici,ludouicus
ludouico,ludouicus
ludwig,ludwig
ludwige,ludwig
lugdunensis,lugdunensis
lugduno,lugdunensis
luneburgensibus,luneburgica
luneburgicae,luneburgica
luste,luste
lustiger,lustiger
luther,luther
lutheranarum,lutheranus
lutheranisme,lutheranisme
lutheranismo,lutheranismo
lutheri,luther
lutherus,luther
lxui,lxui
lyserianae,lyserianae
löbliche,löblich
löwensteinischer,löwenstein
löwensteinischer,löwensteinischer
maburgische,marburg
magdalena,magdalena
magdeburg,magdeburg
magdeburgische,magdeburg
magistratuum,magister
mahometicus,mahometicus
maiestat,maiestas
maiestatt,maiestas
maiestetae,maiestas
mainz,mainz
malta,malta
manife,manife
manumiss,manumissio
manuscript,manuscript
manuscriptorum,manuscript
manutentione,manutentio
marchiae,marchia
margarethe,margarethe
mariae,mariae
marianisch,marianisch
marianischteutsche,marianisch teutsch
mark,mark
markgräfi,markgraf
marpurgische,marburg
marquardi,marquardi
martini,martinus
materia,materia
materiarum,materia
materias,materia
materium,materium
mathesilani,mathesilani
matrimonialia,matrimonialia
matrimonialium,matrimonialia
matthaei,Matthaeus
matthaeo,Matthaeus
matthaeum,Matthaeus
mauri,maurus
mauros,maurus
mausoleum,mausoleum
maxi,maxi
maximè,maximè
may,may
mayntz,mainz
mayntzische,mainz
mccc,mccc
md,md
mdlu,mdlu
medailles,medailles
medica,medicus
medicae,medicus
medicam,medicus
medicinische,medicinisch
medico,medicus
medicochirurgica,medicus chirurgicus
mediolanensis,mediolanensis
mediæ,mediæ
megapolitanorum,megapolitanorum
mehrere,mehr
memorialibus,memorial
mercantilibus,mercantilibus
merycologia,merycologia
messeigneurs,messeigneurs
methodes,methodes
methodica,methodicus
methodus,methodus
mg,mg
microcosmi,microcosmos
militaer,militaris
militaersache,militaersache
militaires,militaris
militaires,militaires
militaris,militaris
militaris,militaris
minores,minor
mintzenburg,münzenberg
mirandulae,mirandulae
miscellanea,miscellaneum
miscellanearum,miscellanearum
miscellanearum,miscellanearum
misenensis,misenensis
mithridatio,mithridatio
mittelbar,mittelbar
mnemonicum,mnemonicus
moabiti,moabites
moabitis,moabites
moderni,modernus
moderno,modernus
modernorum,modernus
moguntiaca,mainz
moguntiacarum,mainz
moguntiae,mainz
moguntina,mainz
moguntini,mainz
mohamedis,mohamedis
monacho,monachus
monasterii,monasterium
monasteriologia,monasteriologia
monasteriorum,monasteriorum
monasteriorum,monasterium
monats,monat
monatsgespräche,monat gespräch
monialium,monialium
monum,monum
morhofi,morhofi
moritze,moritz
moschi,moschi
moscouiticarum,moscouiticus
moses,moses
mt,mt
mumiae,mumiae
munster,munster
musaeum,musaeum
mutter,mutter
mystagoga,mystagoga
mythologiae,mythologia
mäyntzische,mainz
münz,münz
münzbelustigung,münz belustigung
münzwissenschaft,münz wissenschaft
nachbarliches,nachbarlich
nassau,nassau
nassouia,nassau
naturali,natura
naturalis,natura
naxera,naxera
ne,
neapolitanae,neapolitanus
neapolitani,neapolitanus
neb,neben
nebenstunde,nebenstunde
necno,nec non
negotiations,negotiations
neomagenses,neomagenses
neuaugirte,neuaugirte
neues,neu
neueste,neu
neus,neu
newe,neu
niceni,niceni
nichtige,nichtige
nicol,nicol
niederlegung,niederlegung
nitori,nitor
nomocano,nomocano
nordisch,nordisch
notis,nota
notita,notita
notita,nota
notitia,nota
nou,nou
noua,novus
nouae,novus
nouet,nouet
noui,novus
nouo,novus
nouum,novus
noñulla,nonnulla
nullitatibus,nullitatibus
numaria,numaria
numismatum,numisma
nunc,nunc
nécessaire,nécessaire
nöthig,nötig
nürmberg,nürnberg
nürnbergische,nürnberg
nützlich,nützlich
nützlicherachtete,nützlich erachtet
ober,ober
oberbayer,oberbayer
oberherrlich,oberherrlich
oberste,obserst
obseruatio,obseruatio
obseruationes,obseruatio
obseruationibus,obseruatio
obseruationum,obseruatio
ocaeres,ocaeres
occidentalium,occidentalis
odhelii,odhelii
offenbahrung,offenbahrung
officiers,officiers
officinalis,officinalis
omnes,omne
omnibus,omne
omnium,omne
onomastico,onomastico
opera,opus1
operae,opus1
operi,opus1
operis,opus1
operum,opus1
opitii,opitii
opus,opus1
orde,orde
ordens,orden
ordinem,ordo
ordnung,ordnung
ordnunge,ordnung
ordung,ordnung
ordunge,ordnung
organizatio,organization
original,original
originalia,original
origines,origo1
orthodoxia,orthodoxia
orts,ort
ortsgebürg,ortsgebürg
osnabrugensi,osnabrugensi
osnabrugensi,osnabrugensis
osnabrugensis,osnabrugensis
ostendum,ostendum
others,others
ouina,ouina
oxoniensi,oxoniensis
oxoniensia,oxoniensis
oxoniensis,oxoniensis
paix,paix
palaeologi,palaeologus
palatina,palatina
palatinae,palatina
palatini,palatina
palatino,palatina
palatinum,palatina
pamer,pamer
pandect,pandectae
pandectae,pandectae
pandectas,pandectae
pandecte,pandectae
pandectæ,pandectae
pannonia,pannonia
pannoniae,pannonia
pannonica,pannonia
papa,papa
papalis,papa
papam,papa
papatus,papa
papebrochiana,Papebrochianus
papista,papa
paraenetica,paraenetica
paratitla,paratitla
parisienses,parisiensis
parthenius,parthenius
partis,pars
parvus,parvus
passagiis,passagiis
patauino,patauino
pathologia,pathologia
patriarchio,patriarchium
pausaniae,pausanias
pedemontanae,pedemontanus
pedemontani,pedemontanus
peinlich,peinlich
peinliche,peinlich
penitentiales,penitentialis
pere,pere
perelegans,perelego
perfecutorum,persecutor
peribologia,peribologia
periocunda,periocunda
peripateticae,peripateticus
perpetuite,perpetuite
perrino,perrino
persecutorum,persequi
persicarum,persia
persoenliches,persoenlich
persone,persona
perspicillum,perspicillum
perusinarum,perusina
pestilentiale,pestilentialis
petr,petrus
petri,petrus
pfaltz,pfalz
pfaltzgraue,pfalzgraf
pfalz,pfalz
pflichte,pflichte
pharmaceutica,pharmaceuticus
pharmacopoea,pharmacopoea
phasis,phasis
philadelphica,philadelphica
philippi,philipp
philipps,philipp
philologica,philologicus
philologicae,philologicus
philologicum,philologicus
photii,photius
piccolominei,piccolomini
pietiste,pietisticus
pietistica,pietisticus
pileo,pileo
platonis,plato
platyne,platyne
platz,platz
plenissimu,plenus
plinianae,plinius
plutarchi,plutarchus
points,points
policey,polizei
politiano,politiano
politica,politicus
politicum,politicus
politische,politische
politischer,politischer
polizey,polizei
polizeyordnung,polizeyordnung
polizeysache,polizeysache
polnisch,polonia
polonia,polonia
poloniae,polonia
poloniarum,polonia
polonicis,polonia
polonicus,polonia
polybii,polybius
polyhistor,polyhistor
polymnemo,polymnemo
pontificat,pontificat
pontificiae,pontificiae
pontificu,pontificum
posau,posau
postill,postilla
postilla,postilla
postillae,postilla
postregals,postregal
potenze,potenze
pour,pour
practica,practicus
practicae,practicus
practicam,practicus
practicant,practicus
practicarum,practicus
practicis,practicus
practicum,practicus
practicus,practicus
praecationes,praecatio
praecipuorum,praecipuus
praeeminentia,praeeminentia
praelatorum,praelatus
praelectiones,praelectio
praenobilem,praenobilis
praerogatiue,praerogatiue
praeseruatione,praeseruatio
praestantia,praesto2
praktische,praktisch
praxeos,praxis
praxi,praxis
praxim,praxis
praxis,praxis
predigens,predigt
prediger,predigt
predigte,predigt
preißgow,breisgau
prerogatiues,prerogatiues
presche,presche
presence,presence
preseruatif,preseruatif
preterea,preterea
preusische,Preussen
preussische,Preussen
preyßgaw,Breisgau
primogeniturae,primogenitura
primùm,primùm
principalement,principalement
principaux,principaux
priuata,priuatus
priuati,priuatus
priuatrecht,priuatrecht
priuatum,priuatus
priuilegie,privilegium
priuilegie,priuilegie
problematicum,problematicus
process,process
process,processus2
processus,process
processus,processus2
procez,processus2
procez,procez
prodromus,prodromus
prohibitorum,prohibitorum
prolium,prolium
prophylaxis,prophylaxis
proposees,proposees
protestans,protestans
protestante,protestante
prouinciae,provincialis
prouinciarum,provincialis
prussiae,preussen
prussiae,preussen
prüfung,prüfung
publica,publicum
publica,publicus
publicae,publicus
publicarum,publicus
publici,publicum
publici,publicus
publicis,publicus
publicum,publicus
punctata,punctatus
puncte,punct
pyrrhi,pyrrhi
pythagorica,pythagoricus
quamplurimis,quamplurimis
quamplurimorum,quamplurimorum
quator,quator
quator,quator
quatre,quatre
quelques,quelques
quietistarum,quietistus
quodammodo,quodam modo
quotidia,quotidianus
quotquot,quotquot
rabbinismus,rabbinismus
raimundo,raimundo
raphaellis,raphaellis
rath,rat
raths,rat
rationalia,ratio
rationalis,ratio
rationarium,ratio
ratisbonensia,ratisbon
rats,rat
re,res
reale,reale
realis,realis
rebuffo,audomari_rebuffo
rebuspublicis,respublica
recensir,recensir
receptarum,receptarum
recessus,recessus2
receßibus,recessus
receßibus,recessus2
rechshofrath,Reichshofrat
rechshofrath,reich hof rat
recht,recht
rechte,recht
rechtliche,recht
rechtlicher,recht
rechts,recht
rechts,recht
rechtsfälle,recht fall
recognitae,recognitus
recogniti,recognitus
recognitus,recognitus
red,red
rediuiuus,redivivus
rediuiuus,rediuiuus
refluxu,refluxus
reformandi,reformatio
reformantionis,reformatio
reformatio,reformatio
reformirte,reformatio
regalie,regal
regals,regal
regensburg,regensburg
regenspurgische,regensburg
regi,rex
regiement,regiement
regierungs,regierung
regierungsblatt,regierung blatt
regierungsrechte,regierung recht
regierungssache,regierung sache
regiments,regiments
regis,rex
register,register
reguliers,reguliers
rei,res
reiche,reich
reichs,reich
reichsabschiede,reich abschied
reichsarchiu,reich archiv
reichsarchius,reich archiv
reichscammergerichtliche,reich cammergericht
reichsfama,reich fama
reichsfreyunmittelbare,reich frei unmittelbar
reichsfürstlich,reich fürst
reichsfürstlichlandesherrliche,reich fürst land herr
reichsglieder,reich glieder
reichslehenbare,reich lehen
reichsprocess,reich process
reichsrechtswege,reich rechtswege
reichsrechtswege,reich recht weg
reichsritterschaft,reich ritterschaft
reichssatzunge,reich satzung
reichsschlüsse,reich schlüsse
reichsstadt,reich stadt
reichsstaedtische,reich stand
reichsstaende,reich stand
reichsstaendische,reich stand
reichsstande,reich stand
reichsstatt,reich staat
reichstag,reich tag
reichstage,reich tag
reichstags,reich tag
reichstagsgeschäffte,reich tag geschäft
reichstagshandlunge,reich tag handlung
reichsuicarie,reich uicarius
reichsztaeg,reich tag
reichsztäg,reich tag
reichßtag,reich tag
reinhardi,reinhardus
reipublicae,respublica
religions,religion
religionsuerfassung,religion uerfassung
religiosae,religio
remarques,remarques
renum,renum
renunciatio,renunciatio
repetitiones,repetitio
reponse,reponse
republica,respublica
repurg,repurg
repurgatum,repurgare
res,res
rescript,rescript
rescripte,rescript
resolutionum,resolutio
respondorum,responsum
responsa,responsum
responses,response
responsis,responsum
responsorum,responsum
responsum,responsum
respublica,respublica
reuerendissimi,reuerendus
reuidirte,reuidirt
reuisae,reuisus
reuisio,reuisio
rhei,rhein
rhythmus,rhythmus
richs,reich
ritter,ritter
ritterliche,ritterlich
ritterliche,ritter
ritterorde,ritterorden
ritterschafft,ritter
ritterschafft,ritterschaft
ritterschaft,ritter
ritterschaft,ritterschaft
roem,roma
roemische,roma
roma,roma
romaine,romaine
romana,roma
romanae,roma
romanarum,romanus
romanarum,romanus
romani,roma
romanis,romanus
romano,romanus
romanorum,roma
romanus,romanus
romanus,romanus
romanæ,roma
rome,roma
romische,roma
rosencrantzes,rosencrantz
rottirung,rottirung
rottweil,rottweil
roy,roy
rs,rs
rulandt,rulandt
rutgeri,rutgeri
ruth,Ruth
ryssel,ryssel
rö,roma
röm,roma
römer,roma
römisch,roma
römische,roma
rübenzahl,rübenzahl
sache,sache
sacra,sacer
sacras,sacer
sacrement,sacrement
sacri,sacer
sacris,sacer
sacrorum,sacer
saettigkeit,saettigkeit
saetzunge,saetzung
saetzunge,satzung
saint,saint
sainte,sainte
salernitano,salernitano
salica,salica
salomo,salomo
samlung,sammlung
sammlung,sammlung
sampt,sammt
samuelis,Samuel
sanctiss,sanctus
saponisi,saponisi
satzunge,satzung
saxoniae,saxonia
saxonicae,saxonicus
saxonicam,saxonicus
saxonicarum,saxonicus
saxonico,saxonicus
saxonum,saxonicus
schatz,schatz
schau,schau
schauplatz,schau platz
schisme,schisme
schlaf,schlaf
schlesische,schlessisch
schleßische,schlessisch
schluß,schluss
schlüsse,schluss
schlüssel,schlüssel
schmalkaldische,schmalkaldische
schmidslaug,schmidtslaug
schmidt,schmidt
schmidtslaug,schmidtslaug
scholiis,scholium
schonburg,schonburg
schreibart,schreibart
schreibkammer,schreibkammer
schrifft,schrift
schrift,schrift
schrifte,schrift
schriftliche,schriftliche
schriftliche,schrift
schriftsam,schrift
schriftsam,schriftsam
schroederiana,Schroeder
schuldwese,schuldwese
schullehrer,schullehrer
schuman,schuman
schwartzburg,schwartzburg
sclopetorum,sclopetorum
scripta,scriptus
scriptis,scriptus
scriptorum,scriptor
scrutinium,scrutinium
sechzig,sechzig
secrètes,secrètes
secund,secundus
seel,seel
selecta,selectus
selecta,selecta
selectae,selectus
selecti,selectus
selectis,selectus
selectissimarum,selectissimus
selectissimarum,selectus
selectissimis,selectus
selectissimis,selectissimus
selectorum,selectus
selectum,selectus
selectus,selectus
selectus,selectus
semestrium,semestrium
semicenturia,semicenturia
senckenbergiana,senckenbergiana
sendschreibe,sendschreibe
senensis,senensis
sentiment,sentiment
sepulchorum,sepulchorum
serechtsame,gerechtsame
serenissimum,serenissimum
ses,ses
sexagintae,sexagintae
sigea,sigea
signifactione,signifactio
silbers,silbers
socinorum,socinus
solemnia,solemnis
solemnis,solemnis
solennibus,solemnis
soliloquia,soliloquia
solms,solms
solmsische,solms
sophicus,sophicus
spasmodica,spasmodica
speyer,speyer
sphinx,sphinx
spicilegia,spicilegia
spiera,spiera
spiritualia,spiritualia
spo,spo
spraach,Sprache
sprach,sprache
sr,sacer romanus imperium
sri,sacer romanus imperium
staats,staat
staatsbetrachtunge,staat betrachtung
staatscanzley,staat kanzlei
staatsclecher,staatsclecher
staatsconsilia,staat consilium
staatskanzley,staat kanzlei
staatsrecht,staat recht
staatsuerfassung,staat verfassung
stadt,stadt
staedtische,stadt
staende,stand
staendische,stand
stamm,stamm
stammmutter,stamm mutter
stande,stand
standt,stand
stato,status
statu,status
statum,status
status,status
statuta,statutum
statute,statutum
statutum,statutum
statuum,status
stendt,stand
steuer,steuer
steuersache,steuer sache
strix,strix
stunde,stunde
sturm,sturm
stände,stand
ständt,stand
stättigkeit,stättigkeit
subcisiuarum,subcisiuarum
subditorum,subditus
subseciuorum,subseciuorum
substitut,substitut
suecicis,suecicis
sueo,sueus
sueogothici,sueogothici
suetonis,suetonis
sueuiae,sueuici
sueuici,sueuici
summaria,summaria
summariis,summaria
summarischer,summarisch
summorúm,summa
supplement,supplement
sur,sur
suummae,summa
sylloge,sylloge
syluii,silvio
symboli,symbolus
symbolicae,symbolus
symphorematii,symphoremata
symphorematis,symphoremata
synedriis,synedriis
synopses,synopsis
synopsis,synopsis
syntagma,syntagma
syriacus,syriacus
sächsische,sachsisch
sämptliche,samtlich
tabaci,tabaci
tactica,tactica
tage,tag
tags,tag
tartarico,tartaricus
testaments,testament
teutonici,teutonicus
teutonico,teutonicus
teutsch,deutsch
teutsche,deutsch
teutscher,deutsch
teutsches,deutsch
teutschland,Deutschland
textui,textus
thaler,thaler
thalia,thalia
thanatologia,thanatologia
thate,tat
theasurus,thesaurus
theater,theater
theil,Teil
theile,Teil
theologiae,theologia
theologici,theologia
theologicorum,theologia
theologicorum,theologia
theologicum,theologia
theologicum,theologia
theoretico,theoria
theoretische,theoria
theoria,theoria
theoria,theoria
theoria,theoria
theorica,theoria
theorico,theoria
theyl,Teil
tholosanae,Tolosa
tholosani,Tolosa
tholose,Tolosa
thoma,Thoma
thomae,Thoma
thuanus,thuanus
thucydidis,thucydides
thuringiae,thuringia
thüringische,thuringia
tiraquelli,tiraquelli
tit,titulus
titul,titul
todt,tod
toledo,toledo
toletani,toletani
tombeau,tombeau
tomi,tomus
topographia,topographia
torah,torah
touchant,touchant
tous,tous
tractat,tractatus
tractatum,tractatus
tractatus,tractatus
traite,traite
traittez,traittez
transmissorum,transmissorum
transubstantationis,transubstantatio
treuirensium,treuirensium
tridentini,tridentinus
triparta,tripartus
tripartitum,tripartus
tripertita,tripertita
turcarum,turcus
turcica,turcus
tu¨binge,tübingen
tyronibus,tyronis
täglicher,täglich
türcke,turcus
türke,turcus
ua,ua
uaiorum,varius1
ualasci,ualasci
uaria,varius1
uariae,varius1
uariarum,varius1
uarior,varius1
uariorum,varius1
uberbliebene,überbleiben
ueber,über
ueberhaupt,überhaupt
uebrige,übrig
uenatorioforestalis,uenatorioforestalis
uenetae,uenetae
uenetorum,uenetae
uerb,verbum
uerbal,uerbal
uerbesserter,uerbessert
uerdeutscht,uerdeutscht
uerfassung,verfassung
uerflossene,uerflossene
uergleiche,uergleich
uerite,ueritas
uermoegens,uermoegens
ueronense,ueronense
uerordnunge,Verordnung
uerständniß,uerständniß
uersuch,uersuch
uertiginosus,uertiginosus
uerwaltung,uerwaltung
uerwerd,uerwerd
uetere,vetus
ueteris,vetus
ueters,ueters
ueterum,vetus
uetus,vetus
uffstand,Aufstand
ui,vis
uicarie,uicarius
uierdte,uierdte
uigelii,uigelii
uii,uii
uindicates,uindicates
uindobonensis,vienna
uiridarium,uiridarium
uisitationum,uisitatio
uismariense,uismariense
uita,uita
uitae,uita
uitriarii,uitriarii
umbriae,umbria
uncatholische,uncatholisch
uncialaeum,uncialaeum
und,und
undergerichts,untergericht
undergerichtsordnung,untergerichtsordnung
une,une
unfugs,unfug
ungebunde,ungebunden
ungewißheit,ungewißheit
uniuersal,uniuersal
uniuersalibus,uniuersal
uniuersalregister,uniuersal register
uniuerselle,uniuerselle
uniuersitatum,universitas
uniuersita¨te,universitas
uniuersität,uniuersität
unmittelbare,unmittelbar
unnd,und
unparteyische,unparteyisch
untergerichtsordnung,untergerichtsordnung
unterhaltung,unterhaltung
unterredung,unterredung
unterricht,unterricht
unterricht,unterricht
untertane,untertane
unterthane,untertane
untterrichtung,untterrichtung
unuorgreifliches,unuorgreifliches
unà,una
uocabularium,uocabularius
uocabularius,uocabularius
uolaterrani,uolaterrani
uolker,uölker
uolkerrechts,uölker recht
uolkommene,vollkommen
uollkomme,vollkommen
uollkommene,vollkommen
uollkommenes,vollkommen
uollstaendige,vollständig
uollständige,vollständig
uollständiger,vollständig
uolume,uolumen
uorraths,uorraths
uorrechte,uorrechte
uorstelle,uorstelle
uorzüglich,vorzuglich
uo¨lckerrecht,uölker recht
urpsrung,ursprung
ursache,ursache
ursprung,ursprung
ursprunge,ursprung
urthail,Urteil
urtheil,Urteil
usu,usus
usufructu,usufructus
usus,usus
usuuenientia,usuuenientia
utriusque,utriusque
utroque,utriusque
utrumque,utriusque
wachsthum,wachsthum
wahl,wahl
wahre,wahre
waldschmids,waldschmid
walkenredense,walkenredense
wappenbuch,wappenbuch
warzburg,warzburg
wassers,wassers
wechsel,wechsel
wechselordnunge,wechselordnunge
wechselordnunge,wechsel ordnung
wechselschrifft,wechsel schrift
wechselschrifft,wechselschrift
weekely,weekely
weitberühmte,weitberühmt
weltiche,weltich
weltlicher,weltlicher
weltlicher,weltich
werra,werra
wertheim,wertheim
westmonasteriensem,westmonasteriensem
westphale,Westphalia
westphalicae,Westphalia
westphälische,Westphalia
wetzflar,Wetzlar
wetzlariense,Wetzlar
wetzlarische,Wetzlar
wichtige,wichtig
wichtigste,wichtig
wiclef,wiclef
wiclefianisme,wiclef
wider,wider
widerlegung,widerlegung
wiederlegung,wiederlegung
wiesbade,Wiesbaden
wild,wild
wildbanns,wild bann
wilhelmi,wilhelmus
windeike,windeike
wirtembergensis,wirtembergensis
wirtenbergica,wirtembergensis
wirtenbergico,wirtembergensis
witikindi,witikindus
wolmeinendes,wolmeinend
wori,wori
worin,worin
wormbs,worms
wucherliche,wucherlich
wöchentliche,wöchentlich
würtzburg,würtzburg
wütende,wütend
xii,xii
xiii,xiii
xiu,xiu
xxui,xxui
zeite,zeit
zubegriff,zubegriff
zubrodt,zubrodt
zugefalle,zugefalle
zusaetze,zusatz
zusammenrottirung,zusammenrottirung
zwantzig,zwantzig
zwee,zwei
zwey,zwei
zweye,zwei
ächte,acht
ärgerliche,ärgerlich
übliche,üblich
